{
    "loss": 12.05642032623291,
    "accuracy": 0.5686274766921997
}