{
    "loss": 27.264280319213867,
    "accuracy": 0.5686274766921997
}