{
    "loss": 5.421170234680176,
    "accuracy": 0.5686274766921997
}