{
    "loss": 16.591182708740234,
    "accuracy": 0.5686274766921997
}